project_external_id,name,domain,hacked,pm,developer,hosting_provider,hosting_url,username,password,ssh_access,drive_link,trello_link,notes
WV10062,Consulting Haag,consulting-haag.de,Ja,,,Raidboxes,https://dashboard.raidboxes.de/login,dorora@web.de,Success*2026,,,,Ja
WV10130,Zimmermann Druck,druck-zimmermann.de/drucksignin,Ja,,,Allinkl,https://kas.all-inkl.com/,w020d0c0,Amd.Intel4,,,,Ja
LP10314,Lab Dynamics,https://labdynamics.de/,Ja,,,,www59.your-server.de,labsolk_0,94EoXPw4D50Sv57h,,,,Ja
LP10314,Lab HR,https://lab-hr.de/,Ja,Vinzent,Marko,,www59.your-server.de,labsolk_0,94EoXPw4D50Sv57h,,,,Ja
LP10406,DR Sing,https://dr-sing.de/,Ja,Vinzent,Marko,Mittwald,https://login.mittwald.de,p516910,!jn;pruvaQ0o9c,,,,Ja
LP10417,Zeltraum,https://zelt-raum.de/,Ja,Vinzent,,,Ist angefragt,,,,,Ja
,Sprenger Pädagogik,https://sprenger-paedagogik.de/gsplogin,Ja,,,,"https://docs.google.com/document/d/14OEzI64aM6u-UDrzR-Ml-b4Fd9j9mOaxuOv3dLGqShQ/edit?usp=sharing",,,,,Ja
,Jean Itard Zentrum,https://www.jean-itard-zentrum.de/,Ja,Vinzent,Marko,,"https://docs.google.com/document/d/14OEzI64aM6u-UDrzR-Ml-b4Fd9j9mOaxuOv3dLGqShQ/edit?usp=sharing",,,,,Ja
,Sprenger Jugendhilfe,https://www.sprenger-jugendhilfe.de/,Ja,Vinzent,Marko,,"https://docs.google.com/document/d/14OEzI64aM6u-UDrzR-Ml-b4Fd9j9mOaxuOv3dLGqShQ/edit?usp=sharing",,,,,Ja
,Be Teil Dev,https://dev.be-teil.de/beteilsignin,Ja,,,"https://docs.google.com/document/d/14OEzI64aM6u-UDrzR-Ml-b4Fd9j9mOaxuOv3dLGqShQ/edit?usp=sharing",,,,,,Ja
,Jobs Sprenger Jugendhilfe,https://jobs.sprenger-jugendhilfe.de/,Ja,Vinzent,Marko,,"https://docs.google.com/document/d/14OEzI64aM6u-UDrzR-Ml-b4Fd9j9mOaxuOv3dLGqShQ/edit?usp=sharing",,,,,Ja
,Gehaltsoptimierer,https://gehaltsoptimierer.de/,Ja,,,checkdomain,https://www.checkdomain.de/login/,felix@onboarding-prozesse.de,Pi.Che926535!!,,,,Ja
LP10488,Hikiz / KV-Haus,https://hikiz.de/,Ja,,,Ionos,"https://drive.google.com/file/d/16Vq88m6sQ8Eydn9vw79scjENleTkh7Fk/view?usp=sharing",,,"Hikiz.de SFTP + SSH",,,Ja
LP10292,Smart Recycling,http://srh-metallhandel.de/,Ja,Vinzent,Marko,Raidboxes,"https://docs.google.com/document/d/1MrVrhs712HEHUtJT2DGB4rtGJSdyrkuUGU3d_BzSMUc/edit?usp=sharing",,,,,Ja
LP10333,Physioteam Dieterich,https://www.physioteam-dieterich.de/,Ja,Vinzent,Marko,Mittwald,https://www.mittwald.de/,p446279,oxigedUc_381,,,,Ja
LP10368,WV10068_SPL Rechtsanwaelte,https://spl-rechtsanwaelte.de/,Ja,Vinzent,Marko,Ionos,"https___spl-rechtsanwaelte.de_ - Zugangssheet",,,"spl-rechtsanwaelte.de SSH","https://drive.google.com/drive/folders/1P0AFAKVS-Ix2ByotiAeivN2q6--nhseR","https://trello.com/c/v6WE6ZWD/129-wv10068spl-rechtsanwaelte-wartungsvertrag-https-spl-rechtsanwaeltede",Ja
LP10218,Rainer Löber,https://blk3d-profi.de/,Ja,Vinzent,Marko,raidboxes,https://dashboard.raidboxes.de/login,r.loeber@web.de,meineRaidBox_01,,,,Ja
LP10394,WV10077_Hanse Allfinanz GmbH,https://hanse-allrisk.de/,Ja,Vinzent,Marko,IOnos,"LS08 - Zugangssheet",,,"hanse-allrisk.de SSH","https://drive.google.com/drive/folders/1QMILcM9wt11LYKfYtgQj2_z-Vd3hbRL0","https://trello.com/c/nodGg9hE/138-wv10077hanse-allfinanz-gmbh-wartungsvertrag",Ja
LP10157,Lisa Maria Wydras Seite,https://beready.de/,Ja,,,Ionos,,K588810224,"IGVpYk8rN:[c,POeuUVH1",,,,Ja
LP10497,Bits and Passion,www.bitsandpassion.de,Ja,Vinzent,Zeeshan,,FTP vorhanden,,,,,Ja
LP10381,Deinfinanzhaus,http://deinfinanzhaus.de/,Ja,Yannick,Marko,1blu,"https___www.deinfinanzhaus.de_ - Zugangssheet",,,,,Ja
LP10349,Sales Genetics,sales-genetics.com,Ja,Yannick,Naseeb,Raidboxes,,login@sales-genetics.com,"?&h>9Nj)DH:t",,,,Ja
LP10424,Oesterling,https://www.sv-oesterling.de/,Ja,Vinzent,Zeeshan,,http://web.wwweiss.net/,,,,,Ja
,Toewalking AE,toewalking.ae,Ja,Vinzent,Zeeshan,https://www.strato.de/,Zugangssheet - Pomarino.pdf,,,"Pomarino.de SFTP + SSH",,,Ja
LP10509-1,WV10159_Zentaur Wellness,https://zentaur-wellness.com/,Ja,Vinzent,,Strato,"https___zentaur-wellness.com_ - Zugangssheet",,,"zentaur-wellness.com SFTP + SSH","https://drive.google.com/drive/folders/1dat2JNisUzmBltCf6qilueS4C8qlk3sI","https://trello.com/c/sDI4uYbe/221-wv10159zentaur-wellness-wartungsvertrag-zentaur-wellnessshop",Ja
LP10169,WV10149_Michael Seibt,https://michaelseibt-therapie.de/mseibtsign,Ja,Vinzent,,https://alfahosting.de/,Zugangssheet - michaelseibt-therapie.de.pdf,,,,"https://drive.google.com/drive/folders/1Ozm_N102xEPb9aBoCempIySS0JXsJSum","https://trello.com/c/jXsTPiIt/212-wv10149michael-seibt-paarberatung-wartungsvertrag-michaelseibt-therapiede",Ja
LP10485,WV10104_European Trading Academy AG,https://lerne-traden.de/lt-login,Ja,Daniel,,,,,,,,"https://drive.google.com/drive/folders/13t-37jSvGxFxdiDkJEEmvpPactfxtDd1","https://trello.com/c/dnspmjok/167-wv10104european-trading-academy-ag-wartungsvertrag-https-wwwlerne-tradende",Ja
LP10150,WV10051_Bau Elze GmbH,bau-elze.de,Ja,Vinzent,Marko,,,,,,"https://drive.google.com/drive/folders/1FX0qM9aS7obu5OMLG2LFQxxunWutEcw0","https://trello.com/c/PTQGGb6U/109-wv10051bau-elze-gmbh-wartungsvertrag-https-bau-elzede",Ja
LP10038,WV10016_Wir bewegen Schule,,Ja,,Marko,Ionos?,FTP: FTP,,,,"https://drive.google.com/drive/folders/1sHtYLtgJuK6bp23ww6Z06_mNY01fTu9Q?usp=drive_link","https://trello.com/c/EU0pkLUc/57-wv10016wir-bewegen-schule-wirbewegenschule",Ja
K.A.,WV10035_Eigenheimberatung Keppeler GmbH,login page broken,Ja,Vinzent,,Raidboxes,,keppeler.immobilien@web.de,Klaus984a!?a,,"https://drive.google.com/drive/folders/1dfaqyNVWYjW5zd4948DAVwAdom5qt-C5","https://trello.com/c/zGiK7WqU/92-wv10035eigenheimberatung-keppeler-gmbh-wartungsvertrag-https-initiative-baulandcom",Ja
LP10157,WV10009_condego GmbH,,Ja,,,Raidboxes,,c_wydra@hotmail.com,"1Gg9/X+!/!u$!vd$|W;*",,"https://drive.google.com/drive/folders/1b-jQMguj9YxmqM4TRkKjw-MYCKzHBwaq","https://trello.com/c/5lAMfhjz/79-wv10009condego-gmbh-wartungsvertrag-https-christianwydrade",Ja
LP10370,WV10069_BAVIE Haustechnik GmbH,,Ja,Vinzent,Marko,Ionos,"https://docs.google.com/document/d/1wNorWcMDgXPpdyvu6qb45mI6g2yBxGJeWw0DlBTLIl0/edit?usp=sharing",,,"bavie.de SFTP + SSH","https://drive.google.com/drive/folders/1iJF4a2WhEXZqV6Y2nnE9qJrEburhCGaL","https://trello.com/c/3uezZQHr/130-wv10069bavie-haustechnik-gmbh-wartungsvertrag-https-baviede",Ja
LP10411,WV10083_RS Consulting GmbH,,Ja,Vinzent,Marko,Raidboxes,"https___rs-consulting.tax_ - Zugangssheet",romansuchy@yahoo.com,Hallo_NewBusiness2024,,"https://drive.google.com/drive/folders/17sciBWNQdsgWw8-z6OVXYFNssizNVRDx","https://trello.com/c/Vf5DYZaw/146-wv10083rs-consulting-gmbh-wartungsvertrag",Ja
LP10271,WV10045_Fuxx Multimodal Logistik GmbH,,Ja,Vinzent,Marko,mittwald,https://login.mittwald.de/,p351113,"r$XP+Dkcwj=8>y-$",,"https://drive.google.com/drive/folders/1VPI30yNuDgPnGK-_KaLBf1ab-qsadLeJ","https://trello.com/c/MSEWCCU6/103-wv10045fuxx-multimodal-logistik-gmbh-wartungsvertrag-https-wwwfuxx-multimodalde",Ja
LP10293,WV10055_Steffen Spanberger Unternehmen,,Ja,Vinzent,Marko,Ionos,"https___spanberger-immobilien.de_ - Zugangssheet",,,"spanberger-immobilien.de SFTP + SSH","https://drive.google.com/drive/folders/1XCMEHClQgPjPOezqpb91ZjGAdHCmbU2r","https://trello.com/c/Vxyw8xKx/113-wv10055steffen-spanberger-unternehmen-wartungsvertrag-https-spanberger-immobiliende",Ja
LP10094,WV10147_Christian Gugel Unternehmensberatung BDU,Cronjobs errors,Ja,Vinzent,Marko,,"https://docs.google.com/document/d/1K3Y1ckRxLWZfZ93WUpWNp5By1S_cVKZV3RJtemqt7rs/edit?usp=sharing",,,,"https://drive.google.com/drive/folders/1mmBWlRNfSBZ2QhZaRN4CUBxBmR8Rt-X7","https://trello.com/c/yMpT3KZM/210-wv10147christian-gugel-unternehmensberatung-bdu-wartungsvertrag-https-kostensenkungio",Ja
LP10419,WV10148_Optimal Erfolg im Triathlon,,Ja,Daniel,,Raidboxes,Raidboxes.io,a.d.service.beratung@gmail.com,Aleda1974+,,"https://drive.google.com/drive/folders/17KjraSvi5mpn0vb6jHnJzLzivOSB01a6","https://trello.com/c/raqBBMsY/211-wv10148optimal-erfolg-im-triathlon-wartungsvertrag-optimaltriathlonde",Ja
LP10514,WV10107_ Allianz Agentur Nick Koerlin,koerlin-kindervorsorge.de/,Ja,,,Ionos,"LS08 - Zugangssheet",nick.koerlin@allianz.de,Landeseiten.de,,"https://drive.google.com/drive/folders/1kkY0UX1ge-y-Ats56o1CfV3XQGCvvDCv","https://trello.com/c/oTUichw3/170-wv10107-allianz-agentur-nick-koerlin-wartungsvertrag-wwwallianz-koerlinde",Ja
,WV10107_ Allianz Agentur Nick Koerlin (Betriebliche),https://koerlin-betrieblichevorsorge.de/,Ja,,,,,nick.koerlin@allianz.de,Landeseiten.de,,,,Ja
LP10103,WV10005_Praxis Pomarino,,Nein,,,Strato,strato.de,14488720,Pom@rino1234,,"https://drive.google.com/drive/folders/1r12-_gRYR5XgQLSI-tKcogpOBDPFhZE-","https://trello.com/c/8Zkugybn/75-wv10005praxis-pomarino-wartungsvertrag",Nein
,STL Sustainability,https://thiemenergy.at/,Nein,,,Ionos,https://mein.ionos.at/,edv-dts@solah.at,#z0PW@r3mUCXztdbBj,,,,Nein
LP10377,WV10072_Ursula Schuetz,https://whope.de/,Nein,,,all-inkl.com,"https___whope.de_ - Zugangssheet",,,"","https://drive.google.com/drive/folders/1brJQVmqcdaEBE1fgKsrs4R0kJWKWYzcH","https://trello.com/c/fQXgbW1U/133-wv10072ursula-schuetz-wartungsvertrag-https-whopede",Nein
LP10403,WV10079_Jochen Wiebe,https://jochen-wiebe.de/,,,,Raidboxes,"https___jochen-wiebe.de_ - Zugangssheet",,,"","https://drive.google.com/drive/folders/14ARjjh3c_zquboLFXliEPlsyePdRzFwe","https://trello.com/c/DVAujmBo/140-wv10079jochen-wiebe-wartungsvertrag",
LP10399,WV10078_more than numbers,https://www.morethannumbers.de/,Nein,,,https://webserver.knoechel-consult.de:8443/,https://webserver.knoechel-consult.de:8443/,morethannumbers,^8n5c2lM7,,"https://drive.google.com/drive/folders/1a1Z6h6CfwlID30IBYoW_4i-NDnX7IMVf","https://trello.com/c/K0583RsR/139-wv10078more-than-numbers-wartungsvertrag-ist-reserviert-kenn-ich-noch-nicht",Nein
LP10072,WV10026_André Hefti Coaching,https://andre-hefti.com/,,,,,,,,,,"https://drive.google.com/drive/folders/1wPz5FMfnyStgUh3jm1SGEuBE7CUwv5rU","https://trello.com/c/jhnQ07K9/62-wv10026andr%C3%A9-hefti-coaching-wartungsvertrag-https-andre-hefticom",
LP10425,WV10089_Hirsch Consulting e.K.,https://buchhaltung-hirsch.de/,,,,Telekom,"https___buchhaltung-hirsch.de_ - Zugangssheet",,,"","https://drive.google.com/drive/folders/1EFiU8SLP7DSX2eHRhgyVNU1NDBG4JPa5","https://trello.com/c/npkVAOw0/149-wv10089hirsch-consulting-ek-wartungsvertrag-https-wwwbuchhaltung-hirschde",
LP10267,WV10043_ICB Beschaffungslogistik GmbH,https://wadofix.de/,,,,Ionos,"https___wadofix.de_ - Zugangssheet",WADoFiXiStSupEr!45?,WADoFiXiStSupEr!45?,,"https://drive.google.com/drive/folders/10Hq1BXABiq8m76msiY1EWTdzw4dV0lpm","https://trello.com/c/iJU4WeXZ/101-wv10043icb-beschaffungslogistik-gmbh-wartungsvertrag-https-icb-beschaffungslogistikde",
LP10312,WV10059_Kreisklinik Wolfratshausen (g)GmbH,https://www.kreisklinik-wolfratshausen.de/,,,,,,,,,,"https://drive.google.com/drive/folders/1ShMoSkxAdBdHnD7f1F0jS83icmlZPNMr","https://trello.com/c/owy2lChl/120-wv10059kreisklinik-wolfratshausen-ggmbh-wartungsvertrag-https-wwwkreisklinik-wolfratshausende",
LP10255,WV10037_OYASO,https://oyaso.com/,,,,,,,,,,"https://drive.google.com/drive/folders/1eMyGetfunYn863DgboN-u0nQFx1Ec5Vd","https://trello.com/c/DTmpsbli/94-wv10037oyaso-gesellschaft-mit-beschraenkter-haftung-gmbh-wartungsvertrag-https-oyasocom",
LP10249,WV10033_Lorenz Wyludda,https://fitness-routinen.de/,,,,Strato,"https___fitness-routinen.de_ - Zugangssheet",,,"","https://drive.google.com/drive/folders/1ghb-1xJH3LyiuXVtQO7h1dAi09VKBgKF","https://trello.com/c/h1CGkbVp/90-wv10033lorenz-wyludda-wartungsvertrag-https-wwwlorenz-wyluddade",
LP10559,WV10120_Nicole Seidl,,,,,,,,,,"https://drive.google.com/drive/folders/1ylZU6MijPX3-kW60DX0AByWfauavnh87","https://trello.com/c/E03hhwRL/184-wv10120nicole-seidl-einzelunternehmung-wartungsvertrag-hat-noch-keine-webseite",
LP10420,WV10087_Praxis fuer digitale Kieferorthopaedie,https://dr-kinner.de/,,,,Strato,"https___dr-kinner.de_ - Zugangssheet",,,"","https://drive.google.com/drive/folders/1YsdECVyCoOJ8xpkJlI_EBPzqOcrD_sAb","https://trello.com/c/ZsZIHumH/147-wv10087praxis-fuer-digitale-kieferorthopaedie-wartungsvertrag-https-dr-kinnerde",
LP10464,WV10099_Breakthrough-Consulting GmbH,https://unlimited-cashflow.com/,Nein,,,Strato,,,,,,"https://drive.google.com/drive/folders/1VvqjbniQlGZ64fmn8u_odFh3y3DBBs-m","https://trello.com/c/VIsxYB0U/162-wv10099breakthrough-consulting-gmbh-wartungsvertrag",Nein
LP10287,WV10053_Grund und Zaehne,https://www.grund-zaehne.de/,Nein,,,Raidboxes,"https___grund-zaehne.de_ - Zugangssheet",,,"","https://drive.google.com/drive/folders/1YZDFhPjJnAMlaBIHFEpl0Tq895jj9PGN","https://trello.com/c/ea2cxvpO/111-wv10053grund-und-zaehne-wartungsvertrag-https-wwwgrund-zaehnede",Nein
LP10280,WV10049_Mietzaeune.de GmbH,www.mietzäune.de,Nein,,,,FTP: LS06 - Zugangsdaten vom Kunden,,,,"https://drive.google.com/drive/folders/1qgjXwyqT9ZgjapqvQar3xPo0vC7mZQ7D","https://trello.com/c/ZIqssIys/107-wv10049mietzaeunede-gmbh-wartungsvertrag-wwwmietz%C3%A4unede",Nein
LP10119,WV10081_Kunststoff vor Ort Service (KVOS) GmbH,https://kvos.eu/,Nein,,,Ionos,https://www.ionos.de/,michael.zellin@kvos.eu,Lande.Seiten:,,"https://drive.google.com/drive/folders/1X2vKkSSP_xsDYzGubj7sgNdTJQrBN2bg","https://trello.com/c/H7QSrkPb/142-wv10081kunststoff-vor-ort-service-kvos-gmbh-co-kg-wartungsvertrag-https-kvoseu",Nein
LP10367,WV10067_Oum. e.v,https://oum.de/,Nein,,,Ionos,https://www.ionos.de/,oum.de,neuer+start+oum.de 2023!!!,,"https://drive.google.com/drive/folders/1_TTfJ_3tLFbQoG93MICTa784iS9ukhrH","https://trello.com/c/amClcFs5/128-wv10067oum-ev-wartungsvertrag-https-oumde",Nein
LP10229,WV10022_Sigma med GmbH,https://www.sigma-med.cc/,Nein,,,"","https://docs.google.com/document/d/1lzMpRi4-Bxj_siSUzYkjjwPdWFqkxKmJgw_mSO1Qe0Y/edit?usp=sharing",,,,"https://drive.google.com/drive/folders/1uzqjoODBGUl-vzLSlPAjPOFlYIZcn-l7","https://trello.com/c/Yn3H1Pi2/52-wv10022sigma-med-gmbh-wartungsvertrag-https-wwwsigma-medcc",Nein
LP10236,WV10027_Nixentrau,http://www.nixentraum.com/,,,,https://my.world4you.com/de/dashboard,https://my.world4you.com/de/dashboard,50178681,NeukundenMAGNET111!,,"https://drive.google.com/drive/folders/1ZesVyyA21wOVg_3sXlugZKLAZkbk8rai","https://trello.com/c/0w0G9Xvx/63-wv10027nixentrau-wartungsvertrag-http-wwwnixentraumcom-impressum-impressumhtml",
LP10553,WV10118_ALGEBRA International Finance GmbH,,,,,,,,,,,"https://drive.google.com/drive/folders/1Ix1ZanCUidjYZhdLp4yv736GPXp6T96S","https://trello.com/c/eDUoE2zV/182-wv10118algebra-international-finance-gmbh-wartungsvertrag-haben-noch-keine",
LP10089,WV10080_2besales GmbH,https://2besales.de,Nein,,,Raidboxes,https://dashboard.raidboxes.de/login,info@2besales.de,2beSales2023!,,"https://drive.google.com/drive/folders/1hs2LgKnK88Uc1Dvh22mqvsZ0_qWi5S5v","https://trello.com/c/xqsAnmC8/141-wv100802besales-gmbh-wartungsvertrag-https-2besalesde",Nein
LP10266,WV10042_Willi Metallbau AG,https://www.willi-metallbau.ch/,Nein,,,metanet.ch,"https___willi-stahlteile.ch_ - Zugangssheet",,,"","https://drive.google.com/drive/folders/1HWG1TTT7fg-HtOWRswelUzLiS6IWpcW3","https://trello.com/c/cYENNIvs/100-wv10042willi-metallbau-ag-wartungsvertrag-https-wwwwilli-metallbauch-stahlteile",Nein
LP10392,WV10075_Horst Axt & Soehne Strassen und Tiefbau GmbH,,Nein,,,Raidboxes,"https___axt-strassenbau.de_ - Zugangssheet",axtgmbh@t-online.de,Sz*PSgykb&VaRcM3,,"https://drive.google.com/drive/folders/1CbdpgkNSZEbQ4JO7IaBXwjpzF4fW4Dt2","https://trello.com/c/tgxF9tQO/136-wv10075horst-axt-soehne-strassen-und-tiefbau-gmbh-wartungsvertrag",Nein
LP10386,WV10073_Delphin Germany,https://delphin-germany.net/,Nein,,,Raidboxes,"https___delphin-germany.net_ - Zugangssheet",anja.ziegler@delphin-germany.net,7z!oAW30y72qjReX,,"https://drive.google.com/drive/folders/1F2KnY_-4sbWhJaabGjiO9GApA4emtnU9","https://trello.com/c/crk3F4JI/134-wv10073delphin-germany-wartungsvertrag-https-delphin-germanynet-cn-reloaded1",Nein
LP10430,WV10090_hano-Kuechen GmbH & Co. KG,,Nein,,,https://admin.df.eu/kunde/index.php?_ga=2.25,"https___hano-kuechen-rendite-steigern.de_- Zugangssheet",,,"","https://drive.google.com/drive/folders/1TYGHV1LPUOwvTXVbBQsGKqKkgT2jbgNS","https://trello.com/c/TPesouzp/150-wv10090hano-kuechen-gmbh-co-kg-wartungsvertrag",Nein
LP10286,WV10082_Novosan AG,https://novosanlaserclean.ch/,Nein,,,https://my.metanet.ch/de/login.html,"https___novosanlaserclean.ch_ - Zugangssheet",,,"","https://drive.google.com/drive/folders/1LdWcnre1DgtHM6lXGFl4Kvt8OWM7o_3f","https://trello.com/c/W5Tzf7ZY/143-wv10082novosan-ag-wartungsvertrag-wwwnovosanlasercleanch",Nein
LP10274,WV10046_ASchwanden CONsulting GmbH,https://aschwandenconsulting.com/,Nein,,,NovaTrend,"https___aschwandenconsulting.com_ - Zugangssheet",,,"","https://drive.google.com/drive/folders/1Tg9Rxo0NN-xFmNLamwvkBeqvhUqc6Mcs","https://trello.com/c/TTo6wFCK/104-wv10046aschwanden-consulting-gmbh-wartungsvertrag-https-aschwandenconsultingcom",Nein
LP10302,WV10056_Autargreen,https://www.autargreen.com/,Nein,,,,,,,,,"https://drive.google.com/drive/folders/1LB3gGHN-4faAVKm3cXEN00XPgOF7jmA1","https://trello.com/c/bt1jgYuj/116-wv10056autargreen-die-gruene-haustechnik-wartungsvertrag-https-wwwautargreencom",Nein
LP10346,WV10102_MA-Hausverwaltung,https://ma-hausverwaltung.de/,Nein,,,,,,,,,"https://drive.google.com/drive/folders/1Ouce0z1VKl3UvWN5ZRTq5aHDFYz-GxmF","https://trello.com/c/Jnx0dgUW/165-wv10102ma-hausverwaltung-wartungsvertrag-ma-hausverwaltungde",Nein
LP10206,WV10015_Rohner Immobilien,,Nein,,,,,,,,,"https://drive.google.com/drive/folders/1_2gomC81YRrLa3URDfkR4SXpu1br1On6","https://trello.com/c/U94b3ZoN/85-wv10015rohner-immobilien-wartungsvertrag-noch-keine-seite",Nein
LP10285,WV10052_MSH Private Vermoegensverwaltung,https://msh-vv.de/,,,,,,,,,,"https://drive.google.com/drive/folders/1fq6wj-X05F6-VkfGvrg4gtsSlkY1bSf6","https://trello.com/c/24V8MxZw/110-wv10052msh-private-vermoegensverwaltung-gmbh-co-kg-wartungsvertrag-https-msh-vvde",
LP10208,WV10013_MAGELLAN Saeugling Rechtsanwaltsgesellschaft,https://www.magellan-datenschutz.de/,,,,,,,,,,"https://drive.google.com/drive/folders/1XBsrX1Z8PFFB5j3BewLwrZDMMD1Jc5Fl","https://trello.com/c/FPROcuFG/84-wv10013magellan-saeugling-rechtsanwaltsgesellschaft-mbh-wartungsvertrag-https-wwwmagellan-datenschutzde",
LP10363,WV10066_Brennholz Schneider,https://brennholz-schneider.de/,,,,,,,,,,"https://drive.google.com/drive/folders/10fakJLmCsCpur9PBOu6UUvMwAhoKcqCb","https://trello.com/c/KTKBDgxX/127-wv10066brennholz-schneider-wartungsvertrag-https-brennholz-schneiderde",
LP10220,WV10018_Thade Gerdes GmbH,https://thade-gerdes.de/,,,,,,,,,,"https://drive.google.com/drive/folders/1W5WdoPJ2XuKNJCAgw1rvV_CS5yZn_QAq","https://trello.com/c/zD12LzOu/44-wv10018thade-gerdes-gmbh-wartungsvertrag",
LP10103,WV10106_Orthopaedietechnik Hamburg,https://ptz-pomarino.de/,,,,,,,,,,"https://drive.google.com/drive/folders/1TmhgCSgvD7XYbZwjQ0RT8dw4xtv_RrhT","https://trello.com/c/jiHGEF8D/169-wv10106orthopaedietechnik-hamburg-wartungsvertrag-https-ptz-pomarinode",
LP10543,WV10117_Sanierungsfachbetrieb Schmidt,https://sanierungsfachbetrieb-schmidt.de/,,,,,,,,,,"https://drive.google.com/drive/folders/1fT3m8q6S9aCjqgGAO3CHmJtqQgAc7WD2","https://trello.com/c/sTzhUPC0/181-wv10117sanierungsfachbetrieb-schmidt-wartungsvertrag-https-sanierungsfachbetrieb-schmidtde",
LP10379-1,WV10109_Procfit GmbH,https://www.procfit.at/,,,,,,,,,,"https://drive.google.com/drive/folders/1tf06QffARs11fvSFDsiB4B5mVzSFR0fQ","https://trello.com/c/LJ0kSMFc/172-wv10109procfit-gmbh-wartungsvertrag-https-wwwprocfitat",
LP10421,WV10088_PANKOBAU.DE,https://pankobau.de/,Nein,,,,,,,,,"https://drive.google.com/drive/folders/1H0JVrkvdwts94IzjNfqe7b53sBFdSQ4p","https://trello.com/c/EfkdbE81/148-wv10088pankobaude-wartungsvertrag-https-pankobaude",Nein
LP10189,WV10010_Michael Kumle - DVAG,https://www.dvag.de/michael.kumle/index.html,,,,,,,,,,"https://drive.google.com/drive/folders/11O9NsAeduHB3Am8uF1FW1fu5XpaeW5bE","https://trello.com/c/K5uZ8g7c/80-wv10010michael-kumle-dvag-wartungsvertrag-https-wwwdvagde-michaelkumle-indexhtml",
LP10288,WV10054_Limitless Identity,k.A.,,,,,,,,,,"https://drive.google.com/drive/folders/1ZYKZxAtJdVNph3y3FtNRCr4GKtnaCO3l","https://trello.com/c/2oJ3Zjv0/112-wv10054limitless-identity-wartungsvertrag-ka",
LP10248,WV10032_Schilter Gebaeudehuelle GmbH,www.schilter-gebaeudehuelle.ch,,,,,,,,,,"https://drive.google.com/drive/folders/1S-4RyXhWLdGDR9iYaar-A9mfKmULK7LP","https://trello.com/c/oFQJEsTl/89-wv10032schilter-gebaeudehuelle-gmbh-wartungsvertrag-wwwschilter-gebaeudehuellech",
LP10233,WV10025_UGO Mitarbeiter-Fuersorge optimiert,https://ugo-beratung.de/,,,,,,,,,,"https://drive.google.com/drive/folders/1DsVP2VAhy7AvW895mR6s6LCE7VknuQGR","https://trello.com/c/7B93Mstm/61-wv10025ugo-mitarbeiter-fuersorge-optimiert-wartungsvertrag-https-ugo-beratungde",
LP10393,WV10076_BC TRAFFICPLAN,https://www.bc-trafficplan.de/,,,,,,,,,,"https://drive.google.com/drive/folders/153wa7D734YUl7Jgs2FArzvTEjJCZE9YP","https://trello.com/c/HwkFku3y/137-wv10076bc-trafficplan-wartungsvertrag-https-wwwbc-trafficplande",
,WV10023_Clear Finance Consulting GbR,https://clear-finance.net/,Nein,,,,,,,,,"https://drive.google.com/drive/folders/1JedrHOI7Xf7uU6fRKkIXLTxTz5-W2DEP","https://trello.com/c/T6Ir71WT/56-wv10023clear-finance-consulting-gbr-wartungsvertrag-https-clear-financenet",Nein
LP10209,WV10014_RE/PRESENT,www.diemuenchnerpsychologin.de,Nein,,,,,,,,,"https://drive.google.com/drive/folders/1KYZpiPR3WOhXRUyNMDZW7NvjjNecqz36","https://trello.com/c/OyKvqm3h/83-wv10014re-present-wartungsvertrag-wwwdiemuenchnerpsychologinde",Nein
LP10443,WV10095_Robert Meinhold Versicherungsmakler,Neu - Fragen,,,,,,,,,,"https://drive.google.com/drive/folders/1LrzBKIYo-NyUmwyE8WAXOTDeL7Y4kpb0","https://trello.com/c/PFnkZ5KS/158-wv10095robert-meinhold-versicherungsmakler-wartungsvertrag-neu-fragen",
LP10388,WV10074_ParaQare Medic GmbH,www.paraqare.de,,,,,,,,,,"https://drive.google.com/drive/folders/1z3StgV4nqvlMBTncoXhZfqhberAXfGtf","https://trello.com/c/Vb2AMsAi/135-wv10074paraqare-medic-gmbh-wartungsvertrag-wwwparaqarede",
LP10219,WV10017_Fahrschule Biebow-Heise,,Nein,,,,,,,,,"https://drive.google.com/drive/folders/1bq1IS3ZZdnzqWEET5g4iDHVczyERjaaI","https://trello.com/c/ifgc5Urc/43-wv10017fahrschule-biebow-heise",Nein
LP10373,WV10071_Finanzmanufaktur e.K.,https://www.finanzmanufaktur-leipzig.de/,,,,,,,,,,"https://drive.google.com/drive/folders/1H6TvbilwPayJmteyEYCbCBPkg_Ro-w4B","https://trello.com/c/Z8RlKUAQ/132-wv10071finanzmanufaktur-ek-wartungsvertrag-https-wwwfinanzmanufaktur-leipzigde",
LP10413,WV10084_Scheuer Maschinenbau GmbH,http://www.scheuer-maschinenbau.de/,,,,,,,,,,"https://drive.google.com/drive/folders/1mCXQaSmb474BSIKytp3u8F5j24NJVMt3","https://trello.com/c/WJTjm0n1/145-wv10084scheuer-maschinenbau-gmbh-wartungsvertrag-http-wwwscheuer-maschinenbaude",
LP10326,WV10061_Sued klima,https://www.suedklima.de/,,,,,,,,,,"https://drive.google.com/drive/folders/1M3UaDsTniPz5cXLpcZg-HZK8V5tJ30hc","https://trello.com/c/sQcjiwMI/122-wv10061sued-klima-wartungsvertrag-https-wwwsuedklimade",
LP10440,WV10094_Neue Holzforum AG,https://www.holzforum.ch/,Nein,,,,,,,,,"https://drive.google.com/drive/folders/1LmXQTQih0ChrloClKBV4WuHgY7t8W3lb","https://trello.com/c/yCOvgmSr/157-wv10094neue-holzforum-ag-wartungsvertrag-https-wwwholzforumch",Nein
LP10437,WV10093_Wirkungsrendite GmbH,,,,,,,,,,,"https://drive.google.com/drive/folders/1ZUkgzKPVHyk-Qi8QZDkwEkE2HYCnm93_","https://trello.com/c/DkV0k10m/153-wv10093wirkungsrendite-gmbh-wartungsvertrag",
LP10557,WV10119_Gratias & Cie. GmbH,ggfs. neu?,,,,,,,,,,"https://drive.google.com/drive/folders/1EHrZU7J230PhgasKlxTRcOUGvlZ-S0nB","https://trello.com/c/bDgvrRV3/183-wv10119gratias-cie-gmbh-wartungsvertrag-ggfs-neu",
LP10432,WV10091_CoolProjex GmbH,muss neu erstellt werden,,,,,,,,,,"https://drive.google.com/drive/folders/19eBtI5oXEza8TuD8DKbk5LRbmXSTrvc9","https://trello.com/c/kGOiMCgO/151-wv10091coolprojex-gmbh-wartungsvertrag-muss-neu-erstellt-werden",
LP10276,WV10047_Thomas Michael Institut fuer emotionale Intelligenz GmbH,https://www.thomas-michael-institut.de/,,,,,,,,,,"https://drive.google.com/drive/folders/1uCXjMjveCGzx0TXJvBbvvGk5MQdOqFe1","https://trello.com/c/UqfU6O2A/105-wv10047thomas-michael-institut-fuer-emotionale-intelligenz-gmbh-wartungsvertrag-https-wwwthomas-michael-institutde",
LP10277,WV10048_Preckel Automobile GmbH,https://www.preckel.de/angebote/maxus-deliver-9,,,,,,,,,,"https://drive.google.com/drive/folders/1GR4Kt8CTk_D2kHARzp2a-gY_n9gyOaaC","https://trello.com/c/Hm1dmlDi/106-wv10048preckel-automobile-gmbh-wartungsvertrag-https-wwwpreckelde-angebote-maxus-deliver-9",
LP10309,WV10058_LU-Optimal GmbH,https://lu-optimal.de/,,,,,,,,,,"https://drive.google.com/drive/folders/1kEbJuLVS_xLaqm308_QG9aXmoK3DUIBi","https://trello.com/c/T5Goo7zO/118-wv10058lu-optimal-gmbh-wartungsvertrag-https-lu-optimalde",
LP10456,WV10096_Silke Ritthaler,https://ichdurchdich.com/,Nein,,,,,,,,,"https://drive.google.com/drive/folders/1vCBbW8pf8wowKw4qCmhlRyM9xmGxmAPf","https://trello.com/c/PzuyE00n/159-wv10096silke-ritthaler-ich-durch-dich-einzelunternehmer-wartungsvertrag-https-ichdurchdichcom",Nein
,WV10064_Lellas,,,,,,,,,,,"https://drive.google.com/drive/folders/111Mm7YsUJEcCzn3zaw_PUPqO454CX08t","https://trello.com/c/YAEB6jQI/125-lellas-wartungsvertrag-neue-landesseite-die-produziert-wird",
LP10551,Zentaur Wellness,https://zentaur-wellness.com/,Ja,Yannick,Naseeb,,,,,,,,Ja
LP10349,Sales Genetics (duplicate),sales-genetics.com,Ja,Yannick,,,,,,,,,Ja
